fold,period_idx,date,split,pnl_realized_next_step,objective,turnover_l1,risk_cov,risk_diag_equiv
10,10,2025-05-13 00:00:00+00:00,train,0.0,0.0,0.0,0.0,0.0
11,11,2025-05-14 00:00:00+00:00,train,0.0,0.0,0.0,0.0,0.0
12,12,2025-05-15 00:00:00+00:00,train,0.0,0.0,0.0,0.0,0.0
13,13,2025-05-16 00:00:00+00:00,train,0.0,0.0,0.0,0.0,0.0
14,14,2025-05-17 00:00:00+00:00,train,0.0,0.0,0.0,0.0,0.0
15,15,2025-05-18 00:00:00+00:00,train,0.0,0.0,0.0,0.0,0.0
16,16,2025-05-19 00:00:00+00:00,train,0.0,0.0,0.0,0.0,0.0
17,17,2025-05-20 00:00:00+00:00,train,0.0,0.0,0.0,0.0,0.0
18,18,2025-05-21 00:00:00+00:00,train,0.0,0.0,0.0,0.0,0.0
19,19,2025-05-22 00:00:00+00:00,train,0.0,0.0,0.0,0.0,0.0
20,20,2025-05-23 00:00:00+00:00,train,0.0,0.0,0.0,0.0,0.0
21,21,2025-05-24 00:00:00+00:00,train,0.0,0.0,0.0,0.0,0.0
22,22,2025-05-25 00:00:00+00:00,train,0.0,0.0,0.0,0.0,0.0
23,23,2025-05-26 00:00:00+00:00,train,0.0,0.0,0.0,0.0,0.0
24,24,2025-05-27 00:00:00+00:00,train,0.0,0.0,0.0,0.0,0.0
25,25,2025-05-28 00:00:00+00:00,train,0.0,0.0,0.0,0.0,0.0
26,26,2025-05-29 00:00:00+00:00,train,0.0,0.0,0.0,0.0,0.0
27,27,2025-05-30 00:00:00+00:00,train,0.0,0.0,0.0,0.0,0.0
28,28,2025-05-31 00:00:00+00:00,train,0.0,0.0,0.0,0.0,0.0
29,29,2025-06-01 00:00:00+00:00,train,0.0,0.0,0.0,0.0,0.0
30,30,2025-06-02 00:00:00+00:00,train,0.0,0.0,0.0,0.0,0.0
31,31,2025-06-03 00:00:00+00:00,train,0.0,0.0,0.0,0.0,0.0
32,32,2025-06-04 00:00:00+00:00,train,0.0,0.0,0.0,0.0,0.0
33,33,2025-06-05 00:00:00+00:00,train,0.0,0.0,0.0,0.0,0.0
34,34,2025-06-06 00:00:00+00:00,train,0.0,0.0,0.0,0.0,0.0
35,35,2025-06-07 00:00:00+00:00,train,0.0,0.0,0.0,0.0,0.0
36,36,2025-06-08 00:00:00+00:00,train,0.0,0.0,0.0,0.0,0.0
37,37,2025-06-09 00:00:00+00:00,train,0.0,0.0,0.0,0.0,0.0
38,38,2025-06-10 00:00:00+00:00,train,0.0,0.0,0.0,0.0,0.0
39,39,2025-06-11 00:00:00+00:00,train,0.0,0.0,0.0,0.0,0.0
40,40,2025-06-12 00:00:00+00:00,train,0.0,0.0,0.0,0.0,0.0
41,41,2025-06-13 00:00:00+00:00,train,0.0,0.0,0.0,0.0,0.0
42,42,2025-06-14 00:00:00+00:00,train,0.0,0.0,0.0,0.0,0.0
43,43,2025-06-15 00:00:00+00:00,train,0.0,0.0,0.0,0.0,0.0
44,44,2025-06-16 00:00:00+00:00,train,0.0,0.0,0.0,0.0,0.0
45,45,2025-06-17 00:00:00+00:00,train,0.0,0.0,0.0,0.0,0.0
46,46,2025-06-18 00:00:00+00:00,train,0.0,0.0,0.0,0.0,0.0
47,47,2025-06-19 00:00:00+00:00,train,0.0,0.0,0.0,0.0,0.0
48,48,2025-06-20 00:00:00+00:00,train,0.0,0.0,0.0,0.0,0.0
49,49,2025-06-21 00:00:00+00:00,train,0.0,0.0,0.0,0.0,0.0
50,50,2025-06-22 00:00:00+00:00,train,0.0,0.0,0.0,0.0,0.0
51,51,2025-06-23 00:00:00+00:00,train,0.0,0.0,0.0,0.0,0.0
52,52,2025-06-24 00:00:00+00:00,train,-1.6129032258064513e-05,0.3829441245610259,0.9999999999999997,0.008060885032966402,0.008060852774901886
53,53,2025-06-25 00:00:00+00:00,train,-1.409917400695817e-05,-0.004725768447019645,0.44101726108371564,0.0016388661470965536,0.0016388282608026652
54,54,2025-06-26 00:00:00+00:00,train,-2.2569297771784406e-05,0.00744137403943859,0.2891400255251827,0.002078233024663742,0.0020781835136656503
55,55,2025-06-27 00:00:00+00:00,train,-2.0839282727422886e-05,0.01341803216742763,0.18820028162632924,0.002077130397970152,0.0020770788790627276
56,56,2025-06-28 00:00:00+00:00,train,-2.1826393705942516e-05,0.015418978472242292,0.16314705200629215,0.002161137963023011,0.0021610841003246147
57,57,2025-06-29 00:00:00+00:00,train,-2.7534527332124003e-05,0.01732258181444515,0.12395477987638565,0.0022292851354694916,0.0022292308431209494
58,58,2025-06-30 00:00:00+00:00,train,-2.4385902756859045e-05,0.014263540183707001,0.1923087153580279,0.002164384263575353,0.002164330099940405
59,59,2025-07-01 00:00:00+00:00,train,-2.1425005132860864e-05,0.014206211219652235,0.18199919538425627,0.0021684431816474323,0.0021683916578446646
60,60,2025-07-02 00:00:00+00:00,train,-1.7028915842394585e-05,0.016789749338662265,0.14430288534976662,0.0022229281910277434,0.0022228757074950296
61,61,2025-07-03 00:00:00+00:00,train,-1.862988626752795e-05,0.022676609503517235,0.6322273121137489,0.0023044775447548134,0.0023044435316356996
62,62,2025-07-04 00:00:00+00:00,train,-1.4879189006471265e-05,0.07121410782253838,0.3086616064195816,0.002481848406285227,0.0024818158117023347
63,63,2025-07-05 00:00:00+00:00,train,-6.4110118617577445e-06,0.07681496302348159,0.33221133542868087,0.002731372163053518,0.0027313364662324064
64,64,2025-07-06 00:00:00+00:00,train,-6.80230338099967e-06,0.08163103919882922,0.22933804516349646,0.002478884011995375,0.0024788453754035107
65,65,2025-07-07 00:00:00+00:00,train,-4.561696313733125e-06,0.11585374252395093,0.2534657426832635,0.0022964143133867632,0.0022963749752672323
66,66,2025-07-08 00:00:00+00:00,train,-8.127045058189007e-07,0.11553826876415604,0.2968106838922717,0.0021895173871063697,0.0021894789011205123
67,67,2025-07-09 00:00:00+00:00,train,-4.972468139334027e-06,0.11757717812785873,0.18475053671965613,0.0021501790345358216,0.002150140224747536
68,68,2025-07-10 00:00:00+00:00,train,-5.2068610513732336e-06,0.11488875446786133,0.12810141684651977,0.002183620298483484,0.002183581344078095
69,69,2025-07-11 00:00:00+00:00,train,-1.555985040711133e-05,0.09479468776766935,0.3512339721834471,0.0019729152641229123,0.001972879731088341
70,70,2025-07-12 00:00:00+00:00,train,-1.99395940889439e-05,0.09658825227599936,0.3783076437532876,0.002140439891395906,0.002140402000008708
71,71,2025-07-13 00:00:00+00:00,train,-2.3049977097481337e-05,0.0977626577448189,0.2917304993790696,0.0023530832252080156,0.0023530440664633174
72,72,2025-07-14 00:00:00+00:00,train,-2.1583282846533226e-05,0.09717760879045607,0.16393290498322138,0.002435253311044423,0.0024352143742919804
73,73,2025-07-15 00:00:00+00:00,train,-1.2115805155079006e-05,0.09151577527367545,0.5023732379829363,0.002616793241574463,0.0026167545623782965
74,74,2025-07-16 00:00:00+00:00,train,-9.117902344124882e-06,0.10334834683838187,0.14045759235628347,0.002740383497406526,0.002740343370274611
75,75,2025-07-17 00:00:00+00:00,train,-2.0834743309131772e-05,0.09859266973992274,0.1202494879024609,0.0027461705016722303,0.0027461304151507808
76,76,2025-07-18 00:00:00+00:00,train,-2.141522677635246e-05,0.09602783262292974,0.11284559074950616,0.0028253594126711372,0.0028253188986527254
77,77,2025-07-19 00:00:00+00:00,train,-2.5292136153197636e-06,0.6870227748027711,1.6649125072152335,0.0003617301230872625,0.00036172053864602394
78,78,2025-07-20 00:00:00+00:00,train,-1.5626863167407642e-06,0.0213047595764687,0.4125608141493836,0.0005921951401412586,0.0005921836811445998
79,79,2025-07-21 00:00:00+00:00,train,-4.944915001481737e-07,0.02663067109772015,0.23518428264155947,0.0005520680835132616,0.0005520569177623872
80,80,2025-07-22 00:00:00+00:00,train,-5.48857198719433e-06,0.032593296804994405,0.08301468589494056,0.0005136699618455339,0.0005136592449842052
81,81,2025-07-23 00:00:00+00:00,train,-1.5426715045143665e-06,-0.008605660712307533,1.062822939070881,0.0014096054988897758,0.0014095821699593556
82,82,2025-07-24 00:00:00+00:00,train,-1.1025167295020654e-05,0.03143683646166527,0.24218076809353495,0.001214952384343338,0.001214931400244566
83,83,2025-07-25 00:00:00+00:00,train,-1.3375772955481479e-05,0.03971552259197537,0.08575947033033537,0.0011794485008894315,0.0011794282661213836
84,84,2025-07-26 00:00:00+00:00,train,-2.508426963530956e-05,0.040201247653939155,0.08557328348122589,0.001133899632424367,0.0011338801847576116
85,85,2025-07-27 00:00:00+00:00,train,-4.1846826328268586e-05,0.03706923878017534,0.14412537492338198,0.001032199812165867,0.001032181649004034
86,86,2025-07-28 00:00:00+00:00,train,-4.4484777859356174e-05,0.03606347115454588,0.22910586678325628,0.0012283655371710923,0.0012283454701721304
87,87,2025-07-29 00:00:00+00:00,train,-4.492419509910674e-05,0.044215204664368075,0.07023765647655761,0.0012061022977200256,0.0012060827188005714
88,88,2025-07-30 00:00:00+00:00,train,-6.191119029502075e-05,0.04365209824130602,0.15141914301176967,0.0011206180208349213,0.0011206001645282773
89,89,2025-07-31 00:00:00+00:00,train,-7.621869416635472e-05,0.04819473897902082,0.08486480312028905,0.0011186100526447513,0.0011185925512324601
90,90,2025-08-01 00:00:00+00:00,train,-8.868727017266908e-05,0.043607138986158964,0.2987351756139892,0.0014684549501507284,0.0014684339149681476
91,91,2025-08-02 00:00:00+00:00,train,-8.946317334330364e-05,0.055092399039323454,0.06518194586999457,0.0014578529419811681,0.0014578321148187667
92,92,2025-08-03 00:00:00+00:00,train,-9.689183217237469e-05,0.055759005453033916,0.04279356382269693,0.0014172566175010188,0.0014172361426438135
93,93,2025-08-04 00:00:00+00:00,train,-9.8834156384212e-05,0.05603568006705647,0.06743535174631837,0.0014896417180029512,0.001489620339233326
94,94,2025-08-05 00:00:00+00:00,train,-9.937965173628184e-05,0.058140012041373104,0.02476984011302306,0.0014877190955362206,0.0014876977083991025
95,95,2025-08-06 00:00:00+00:00,train,-0.00010895821855328857,0.05555510548494604,0.14891462312478881,0.0016571357674663456,0.0016571125449300807
96,96,2025-08-07 00:00:00+00:00,train,-0.00011576620687771532,0.06018704569481879,0.043183224219422854,0.001609533311497892,0.0016095104540772875
97,97,2025-08-08 00:00:00+00:00,train,-0.00012067498822151279,0.0607603431439509,0.02560394523700829,0.001573211522895739,0.0015731890835618653
98,98,2025-08-09 00:00:00+00:00,train,-0.00011843667412281523,0.06111672073521873,0.020972641955450656,0.0015930315931969368,0.0015930089367648614
99,99,2025-08-10 00:00:00+00:00,train,-0.00011843095347138201,0.062028800223242204,4.8755837985428596e-05,0.0015904334483012035,0.0015904107912631108
100,100,2025-08-11 00:00:00+00:00,train,-0.00011842865931774088,0.06190357978819129,2.758523633965889e-05,0.001587962448140961,0.0015879397908505405
101,101,2025-08-12 00:00:00+00:00,train,-0.00011842621280994456,0.06178467829876566,2.5374845572006394e-05,0.0015856310620813927,0.0015856084045666866
102,102,2025-08-13 00:00:00+00:00,train,-0.00011842365097589987,0.0616724240248815,2.347836002894888e-05,0.0015834280226906313,0.0015834053649747706
103,103,2025-08-14 00:00:00+00:00,train,-0.00011749694746878091,0.06135257835116683,0.004827920234050502,0.0015879657914668732,0.0015879430460164798
104,104,2025-08-15 00:00:00+00:00,train,-0.0001174906831153435,0.06149146626987911,3.864671452530853e-05,0.001586009660812421,0.0015859869148057413
105,105,2025-08-16 00:00:00+00:00,train,-0.00011748459833350549,0.06139621216742176,3.625874641056265e-05,0.0015841531125356525,0.001584130366008769
106,106,2025-08-17 00:00:00+00:00,train,-0.00011747869381724194,0.061305757397462204,3.409740159408727e-05,0.0015823888006266348,0.0015823660536120137
107,107,2025-08-18 00:00:00+00:00,train,-0.00011747294192137506,0.06121974374199806,3.226951495819211e-05,0.0015807102694522686,0.0015806875219765571
108,108,2025-08-19 00:00:00+00:00,train,-0.00011746736021662558,0.06113786371533308,3.051217184547872e-05,0.0015791113313876164,0.0015790885834767706
109,109,2025-08-20 00:00:00+00:00,train,-0.00011746195280618252,0.06105982457219691,2.886880722022993e-05,0.0015775864394177632,0.0015775636910961234
110,110,2025-08-21 00:00:00+00:00,train,-0.00011745671526128779,0.06098536119797782,2.7362084694264148e-05,0.0015761305928345265,0.0015761078441243093
111,111,2025-08-22 00:00:00+00:00,train,-0.00011745164269215237,0.06091423383743946,2.5976943066248395e-05,0.001574739226629288,0.001574716477550832
112,112,2025-08-23 00:00:00+00:00,train,-0.00011744672991877692,0.06084622357508305,2.4700380597869522e-05,0.0015734081657577089,0.0015733854163296856
113,113,2025-08-24 00:00:00+00:00,train,-0.00011744197159997516,0.06078113013822194,2.352112078900714e-05,0.0015721335849279109,0.0015721108351675053
114,114,2025-08-25 00:00:00+00:00,train,-0.00011743736233047275,0.06071876996910853,2.2429340541823932e-05,0.0015709119731726721,0.0015708892230957396
115,115,2025-08-26 00:00:00+00:00,train,-0.00012089942380452519,0.0584545225924175,0.04154938925818541,0.0015265450604745924,0.001526522807298081
116,116,2025-08-27 00:00:00+00:00,train,-0.00012560215767597763,0.0599798750334137,0.021114215836793994,0.0015340773220689002,0.0015340551038818713
117,117,2025-08-28 00:00:00+00:00,train,-0.00012455731938526,0.06068109344336821,0.0048503022871293254,0.0015378024184677873,0.0015377801055537926
118,118,2025-08-29 00:00:00+00:00,train,-0.00012371531437138753,0.059964843700574935,0.012152431046894077,0.0015277255895522158,0.0015277033192832021
119,119,2025-08-30 00:00:00+00:00,train,-0.0001259119683834575,0.05937023738352161,0.03940048398588328,0.0015695881034832747,0.0015695653453053839
120,120,2025-08-31 00:00:00+00:00,train,-0.0001319655807356761,0.05948719631256308,0.07698084650719442,0.0016592942609854218,0.0016592705744801388
121,121,2025-09-01 00:00:00+00:00,train,-0.0001309931230208556,0.06302820207167197,0.005270093422252828,0.0016661196772544318,0.0016660958729751852
122,122,2025-09-02 00:00:00+00:00,train,-0.00013095238095238098,0.0632066302668535,0.00022079572592716073,0.0016649404295094555,0.0016649166199856457
123,123,2025-09-03 00:00:00+00:00,train,-0.00013154382040926428,0.06296457564344658,0.0032052202824645794,0.0016582409860729922,0.0016582172502344406
124,124,2025-09-04 00:00:00+00:00,train,-0.00013301249964805173,0.0626048038412442,0.007959293939234984,0.0016449432003304513,0.0016449196247248716
125,125,2025-09-05 00:00:00+00:00,train,-0.0001395348837209302,0.0609008350348095,0.03534711368527728,0.001609154185493171,0.0016091309296792178
126,126,2025-09-06 00:00:00+00:00,train,-0.0001395348837209302,0.06260381403572254,0.0,0.0016078630707240275,0.0016078398149100745
127,127,2025-09-07 00:00:00+00:00,train,-0.0001395348837209302,0.06254163827253639,0.0,0.0016066157238814496,0.0016065924680674958
128,128,2025-09-08 00:00:00+00:00,train,-0.0001395348837209302,0.06248155178608663,0.0,0.0016054099418911,0.001605386686077147
129,129,2025-09-09 00:00:00+00:00,train,-0.0001395348837209302,0.06242345036458998,0.0,0.0016042436671782105,0.0016042204113642568
130,130,2025-09-10 00:00:00+00:00,train,-0.0001395348837209302,0.06236723661992974,0.0,0.0016031149758602842,0.0016030917200463304
131,131,2025-09-11 00:00:00+00:00,train,-0.0001395348837209302,0.0623128194384293,0.0,0.0016020220670714535,0.0016019988112574996
132,132,2025-09-12 00:00:00+00:00,train,-0.0001395348837209302,0.06226011348381259,0.0,0.0016009632532929803,0.001600939997479027
133,133,2025-09-13 00:00:00+00:00,train,-0.0001395348837209302,0.06220903874670416,0.0,0.001599936951582029,0.0015999136957680756
134,134,2025-09-14 00:00:00+00:00,train,-0.0001395348837209302,0.06215952013562564,0.0,0.0015989416756020836,0.00159891841978813
135,135,2025-09-15 00:00:00+00:00,train,-0.00013758707232504943,0.061177670642869074,0.027918630007624696,0.0015738741715576165,0.0015738513656199675
136,136,2025-09-16 00:00:00+00:00,train,-0.0001363636363636364,0.0618698762110836,0.017535915446920423,0.0015782569624180239,0.0015782342351452967
137,137,2025-09-17 00:00:00+00:00,train,-0.0001363636363636364,0.06273570932374899,0.0,0.001578043556167706,0.001578020828894979
138,138,2025-09-18 00:00:00+00:00,train,-0.0001363636363636364,0.06272507719329927,0.0,0.0015778364774870974,0.0015778137502143702
139,139,2025-09-19 00:00:00+00:00,train,-0.000134791812774165,0.06163048799259381,0.023053412645580543,0.0015454629439151833,0.0015454406765053636
140,140,2025-09-20 00:00:00+00:00,train,-0.0001301261518404098,0.059424603788105254,0.06842969369507601,0.0014996965991609034,0.0014996749599359004
141,141,2025-09-21 00:00:00+00:00,train,-0.00012917295434911443,0.06199316930217703,0.01461569486652918,0.0014792192614847036,0.0014791978933779808
142,142,2025-09-22 00:00:00+00:00,train,-0.000125,0.05906367726453919,0.06398530001975435,0.001425754784873869,0.0014257339515405358
143,143,2025-09-23 00:00:00+00:00,train,-0.000125,0.06222003747683595,0.0,0.0014249543092446921,0.001424933475911359
144,144,2025-09-24 00:00:00+00:00,train,-0.00012499999999999998,0.062178381655665714,0.0,0.0014241772776273757,0.0014241564442940427
145,145,2025-09-25 00:00:00+00:00,train,-0.00012499999999999998,0.062138454725041536,0.0,0.00142343230509341,0.0014234114717600766
146,146,2025-09-26 00:00:00+00:00,train,-0.00012499999999999998,0.06209965428810017,0.0,0.0014227084753685743,0.0014226876420352415
147,147,2025-09-27 00:00:00+00:00,train,-0.00012499999999999998,0.06206193269016492,0.0,0.0014220048866892161,0.001421984053355883
148,148,2025-09-28 00:00:00+00:00,train,-0.00012499999999999998,0.06202524497637549,0.0,0.0014213206888381489,0.0014212998555048154
149,149,2025-09-29 00:00:00+00:00,train,-0.00012499999999999998,0.06198954869933437,0.0,0.0014206550794406514,0.0014206342461073182
150,150,2025-09-30 00:00:00+00:00,train,-0.00011968748939817445,0.05826514539496352,0.08500016962920862,0.0013217719385391203,0.001321752567833508
151,151,2025-10-01 00:00:00+00:00,train,-0.0001104980739194839,0.05580365637395228,0.1470306476590486,0.001259787858148617,0.0012597695129711246
152,152,2025-10-02 00:00:00+00:00,train,-0.00010909090909090908,0.06182302906734301,0.025328966914346926,0.0012457961891553177,0.0012457780073371358
153,153,2025-10-03 00:00:00+00:00,train,-0.00010909090909090908,0.06301448779890219,0.0,0.0012446252592750529,0.001244607077456871
154,154,2025-10-04 00:00:00+00:00,train,-0.000117696575731426,0.06137444252597428,0.04642936086569954,0.0012084377697167766,0.0012084201727922184
155,155,2025-10-05 00:00:00+00:00,train,-0.0001204797160584481,0.06068954743774406,0.06031795821583026,0.0011891300589107522,0.0011891128744360312
156,156,2025-10-06 00:00:00+00:00,train,-0.00012028247251456285,0.06340765764653518,0.0032686072986700923,0.0011839969480150322,0.0011839798113948527
157,157,2025-10-07 00:00:00+00:00,train,-0.00012028388367723642,0.06346162819133071,2.3384981447864377e-05,0.001182433313579326,0.0011824161766360746
158,158,2025-10-08 00:00:00+00:00,train,-0.00012028554644547451,0.06335642313186853,2.755444508824919e-05,0.0011809210235969316,0.001180903886272649
159,159,2025-10-09 00:00:00+00:00,train,-0.00012028716909698057,0.06325457455918096,2.6889653529222485e-05,0.001179453038911088,0.0011794359012145942
160,160,2025-10-10 00:00:00+00:00,train,-0.00010641791032566211,0.05518778910794544,0.23399042392485508,0.001013352158153848,0.001013337695142435
161,161,2025-10-11 00:00:00+00:00,train,-9.84809447079971e-05,0.06168519195368927,0.13179594213341964,0.0010062578911696676,0.0010062438369876706
162,162,2025-10-12 00:00:00+00:00,train,-9.722222222222222e-05,0.0662853642651065,0.02553408471143319,0.0009843645559645612,0.0009843506670756724
163,163,2025-10-13 00:00:00+00:00,train,-9.722222222222222e-05,0.06712896342298123,0.0,0.000979337302604558,0.0009793234137156692
164,164,2025-10-14 00:00:00+00:00,train,-9.722222222222222e-05,0.0667165416097051,0.0,0.0009745394577956004,0.0009745255689067115
165,165,2025-10-15 00:00:00+00:00,train,-9.722222222222222e-05,0.06632030600733053,0.0,0.0009699204469530283,0.0009699065580641395
166,166,2025-10-16 00:00:00+00:00,train,-9.722222222222222e-05,0.0659422673154912,0.0,0.0009655046044015566,0.0009654907155126676
167,167,2025-10-17 00:00:00+00:00,train,-9.722222222222222e-05,0.06558121462842002,0.0,0.0009612790126932908,0.0009612651238044017
168,168,2025-10-18 00:00:00+00:00,train,-9.722222222222222e-05,0.06523604112086927,0.0,0.0009572318117805437,0.0009572179228916549
169,169,2025-10-19 00:00:00+00:00,train,-9.722222222222222e-05,0.06490573320353515,0.0,0.0009533520945225634,0.0009533382056336746
170,170,2025-10-20 00:00:00+00:00,train,-9.722222222222222e-05,0.06458936099551499,0.0,0.0009496298141675372,0.0009496159252786485
171,171,2025-10-21 00:00:00+00:00,train,-9.722222222222222e-05,0.06428606993236924,0.0,0.0009460557022629215,0.000946041813374033
172,172,2025-10-22 00:00:00+00:00,train,-9.722222222222222e-05,0.06399507335607094,0.0,0.0009426211956666126,0.0009426073067777239
173,173,2025-10-23 00:00:00+00:00,train,-9.722222222222222e-05,0.06371564595634709,0.0,0.0009393183715189885,0.0009393044826300996
174,174,2025-10-24 00:00:00+00:00,train,-9.722222222222222e-05,0.06344711795220152,0.0,0.0009361398891935104,0.0009361260003046216
175,175,2025-10-25 00:00:00+00:00,train,-9.722222222222222e-05,0.06318886991864266,0.0,0.0009330789383783756,0.0009330650494894866
176,176,2025-10-26 00:00:00+00:00,train,-9.722222222222222e-05,0.06294032817717705,0.0,0.000930129192555187,0.0009301153036662983
177,177,2025-10-27 00:00:00+00:00,train,-9.722222222222222e-05,0.06270096068016409,0.0,0.000927284767239033,0.000927270878350144
178,178,2025-10-28 00:00:00+00:00,train,-9.722222222222222e-05,0.062470273328736454,0.0,0.0009245401824266148,0.000924526293537726
179,179,2025-10-29 00:00:00+00:00,train,-9.722222222222222e-05,0.0622478066722496,0.0,0.000921890328771113,0.0009218764398822239
180,180,2025-10-30 00:00:00+00:00,train,-0.00010065966697442134,0.06143246038138677,0.017068691183333737,0.0009098052992317959,0.0009097915735614097
181,181,2025-10-31 00:00:00+00:00,train,-0.00010273972602739724,0.061683479250854,0.010328569090638864,0.0009073620272702007,0.0009073483286400638
182,182,2025-11-01 00:00:00+00:00,train,-0.00010273972602739724,0.061980808739399665,0.0,0.000904782599159876,0.000904768900529739
183,183,2025-11-02 00:00:00+00:00,train,-0.00010273972602739724,0.06176917204086675,0.0,0.0009022883547037729,0.000902274656073636
184,184,2025-11-03 00:00:00+00:00,train,-0.00010273972602739724,0.0615646261831371,0.0,0.0008998751870680275,0.0008998614884378907
185,185,2025-11-04 00:00:00+00:00,train,-0.00010273972602739724,0.06136682387080847,0.0,0.000897539247516441,0.0008975255488863037
186,186,2025-11-05 00:00:00+00:00,train,-0.00010273972602739724,0.06117544002389367,0.0,0.0008952769256258927,0.0008952632269957556
187,187,2025-11-06 00:00:00+00:00,train,-0.00010273972602739724,0.060990211531692845,0.0,0.0008930851966459293,0.0008930714980157923
188,188,2025-11-07 00:00:00+00:00,train,-0.00010273972602739724,0.060810818564577734,0.0,0.0008909605928560329,0.000890946894225896
189,189,2025-11-08 00:00:00+00:00,train,-0.00010273972602739724,0.06063572353031453,0.0,0.000888885187997693,0.000888871489367556
190,190,2025-11-09 00:00:00+00:00,train,-0.00010273972602739724,0.06046463616619172,0.0,0.000886854720307382,0.0008868410216772446
191,191,2025-11-10 00:00:00+00:00,train,-0.00010273972602739724,0.06029870409601459,0.0,0.0008848838037353604,0.0008848701051052234
192,192,2025-11-11 00:00:00+00:00,train,-0.00010273972602739724,0.06013769958806668,0.0,0.0008829698798137347,0.0008829561811835977
193,193,2025-11-12 00:00:00+00:00,train,-0.00010273972602739724,0.05998140811308145,0.0,0.0008811105342078591,0.0008810968355777221
194,194,2025-11-13 00:00:00+00:00,train,-0.00010273972602739724,0.059829627406243084,0.0,0.0008793034867788894,0.0008792897881487523
195,195,2025-11-14 00:00:00+00:00,train,-0.00010273972602739724,0.05968216660767717,0.0,0.0008775465824520331,0.0008775328838218956
196,196,2025-11-15 00:00:00+00:00,train,-0.00010273972602739724,0.059538845473983956,0.0,0.0008758377828167478,0.0008758240841866106
197,197,2025-11-16 00:00:00+00:00,train,-0.00010273972602739724,0.05939949365406705,0.0,0.0008741751583915441,0.0008741614597614069
198,198,2025-11-17 00:00:00+00:00,train,-0.00010273972602739724,0.05926395002322943,0.0,0.000872556881492982,0.000872543182862845
199,199,2025-11-18 00:00:00+00:00,train,-0.00010223162538657608,0.05870837997837722,0.009891025807985605,0.0008640616504082183,0.0008640480624784452
200,200,2025-11-19 00:00:00+00:00,train,-0.00010135135135135136,0.05831192239298309,0.01713600121904131,0.0008584381883580115,0.000858424674844498
201,201,2025-11-20 00:00:00+00:00,train,-0.00010135135135135136,0.059040098864518505,0.0,0.0008569207715062701,0.000856907257992757
202,202,2025-11-21 00:00:00+00:00,train,-0.00010135135135135136,0.05891497436058896,0.0,0.0008554436382367042,0.0008554301247231904
203,203,2025-11-22 00:00:00+00:00,train,-0.00010135135135135136,0.05879321052023049,0.0,0.0008540052334691861,0.0008539917199556727
204,204,2025-11-23 00:00:00+00:00,train,-0.00010135135135135136,0.058674676113218596,0.0,0.0008526040809402002,0.0008525905674266867
205,205,2025-11-24 00:00:00+00:00,train,-0.00010135135135135136,0.058559246643872936,0.0,0.0008512387783207725,0.0008512252648072593
206,206,2025-11-25 00:00:00+00:00,train,-0.00010135135135135136,0.05844680392814531,0.0,0.0008499079926902428,0.0008498944791767292
207,207,2025-11-26 00:00:00+00:00,train,-0.00010135135135135136,0.05833723570211531,0.0,0.000848610456337509,0.0008485969428239955
208,208,2025-11-27 00:00:00+00:00,train,-0.00010135135135135136,0.05823043525916534,0.0,0.000847344962861986,0.0008473314493484725
209,209,2025-11-28 00:00:00+00:00,train,-0.00010135135135135136,0.05812630111338973,0.0,0.000846110363549331,0.0008460968500358177
210,210,2025-11-29 00:00:00+00:00,train,-0.00010135135135135136,0.05802473668717753,0.0,0.0008449055640011453,0.000844892050487632
211,211,2025-11-30 00:00:00+00:00,train,-0.00010135135135135136,0.0579256500208366,0.0,0.0008437295209965682,0.000843716007483055
212,212,2025-12-01 00:00:00+00:00,validation,-0.00010135135135135136,0.05782895350259378,0.0,0.0008425812395689048,0.0008425677260553914
213,213,2025-12-02 00:00:00+00:00,validation,-0.00010135135135135136,0.057734563617267275,0.0,0.0008414597702796404,0.0008414462567661267
214,214,2025-12-03 00:00:00+00:00,validation,-0.00010135135135135136,0.05763848330776052,0.0,0.0008403116736181434,0.0008402981601046298
215,215,2025-12-04 00:00:00+00:00,validation,-0.00010135135135135136,0.057544663824809925,0.0,0.0008391900869557005,0.0008391765734421867
216,216,2025-12-05 00:00:00+00:00,validation,-0.00010135135135135136,0.05745302809463376,0.0,0.000838094123865567,0.0008380806103520533
217,217,2025-12-06 00:00:00+00:00,validation,-0.00010135135135135136,0.05736350254151045,0.0,0.0008370229373781527,0.000837009423864639
218,218,2025-12-07 00:00:00+00:00,validation,-0.00010135135135135136,0.057276016893339374,0.0,0.000835975717832589,0.0008359622043190756
219,219,2025-12-08 00:00:00+00:00,validation,-0.00010135135135135136,0.057190504000060004,0.0,0.0008349516908674095,0.000834938177353896
220,220,2025-12-09 00:00:00+00:00,validation,-0.00010135135135135136,0.0571068996639945,0.0,0.0008339501155405222,0.0008339366020270084
221,221,2025-12-10 00:00:00+00:00,validation,-0.00010135135135135136,0.05702478304438467,0.0,0.0008329659776110795,0.0008329524640975661
222,222,2025-12-11 00:00:00+00:00,validation,-0.00010135135135135136,0.056944086104045236,0.0,0.000831998327020271,0.0008319848135067575
223,223,2025-12-12 00:00:00+00:00,validation,-0.00010135135135135136,0.05686455467920839,0.0,0.0008310444882369359,0.0008310309747234223
224,224,2025-12-13 00:00:00+00:00,validation,-0.00010135135135135136,0.05678674506290266,0.0,0.0008301109411549026,0.000830097427641389
225,225,2025-12-14 00:00:00+00:00,validation,-0.00010135135135135136,0.05671060375766966,0.0,0.0008291970664772976,0.0008291835529637842
226,226,2025-12-15 00:00:00+00:00,validation,-0.00010135135135135136,0.0566360795033386,0.0,0.0008283022703566795,0.000828288756843166
227,227,2025-12-16 00:00:00+00:00,validation,-0.00010135135135135136,0.05656312316328238,0.0,0.0008274259831256364,0.0008274124696121231
228,228,2025-12-17 00:00:00+00:00,validation,-0.00010135135135135136,0.0564916876176724,0.0,0.0008265676581041114,0.0008265541445905977
229,229,2025-12-18 00:00:00+00:00,validation,-0.00010135135135135136,0.05642172766314211,0.0,0.0008257267704769747,0.0008257132569634611
230,230,2025-12-19 00:00:00+00:00,validation,-0.00010135135135135136,0.05635319991847316,0.0,0.0008249028162377825,0.000824889302724269
231,231,2025-12-20 00:00:00+00:00,validation,-0.00010135135135135136,0.056286062735855416,0.0,0.0008240953111938363,0.0008240817976803227
232,232,2025-12-21 00:00:00+00:00,validation,-0.00010135135135135136,0.056220276117418914,0.0,0.0008233037900293688,0.0008232902765158553
233,233,2025-12-22 00:00:00+00:00,validation,-0.00010135135135135136,0.05615580163656603,0.0,0.0008225278054216351,0.0008225142919081215
234,234,2025-12-23 00:00:00+00:00,validation,-0.00010135135135135136,0.05609260236388852,0.0,0.0008217669272076788,0.0008217534136941654
235,235,2025-12-24 00:00:00+00:00,validation,-0.00010135135135135136,0.05603064279734125,0.0,0.0008210207415982057,0.0008210072280846923
236,236,2025-12-25 00:00:00+00:00,validation,-0.00010135135135135136,0.055969888796322406,0.0,0.0008202888504346643,0.0008202753369211509
237,237,2025-12-26 00:00:00+00:00,validation,-0.00010135135135135136,0.055910307519556765,0.0,0.0008195708704885818,0.000819557356975068
238,238,2025-12-27 00:00:00+00:00,validation,-0.00010135135135135136,0.05585186736639576,0.0,0.0008188664327987922,0.0008188529192852787
239,239,2025-12-28 00:00:00+00:00,validation,-0.00010135135135135136,0.05579453792139791,0.0,0.0008181751820451498,0.0008181616685316363
240,240,2025-12-29 00:00:00+00:00,validation,-0.00010135135135135136,0.05573828990197368,0.0,0.0008174967759563658,0.0008174832624428524
241,241,2025-12-30 00:00:00+00:00,validation,-0.00010135135135135136,0.05568309510889068,0.0,0.0008168308847497189,0.0008168173712362054
242,242,2025-12-31 00:00:00+00:00,validation,-0.00010135135135135136,0.05562892637946393,0.0,0.0008161771906007164,0.0008161636770872029
243,243,2026-01-01 00:00:00+00:00,validation,-0.00010135135135135136,0.0555757575433097,0.0,0.0008155353871414301,0.0008155218736279165
244,244,2026-01-02 00:00:00+00:00,validation,-0.00010135135135135136,0.05552356338046365,0.0,0.0008149051789852552,0.0008148916654717416
245,245,2026-01-03 00:00:00+00:00,validation,-0.00010135135135135136,0.055472319581716736,0.0,0.0008142862812764943,0.0008142727677629807
246,246,2026-01-04 00:00:00+00:00,validation,-0.00010135135135135136,0.055422002711107435,0.0,0.000813678419264148,0.0008136649057506346
247,247,2026-01-05 00:00:00+00:00,validation,-0.00010135135135135136,0.05537259017037735,0.0,0.0008130813278977257,0.0008130678143842124
248,248,2026-01-06 00:00:00+00:00,validation,-0.00010135135135135136,0.05532406016531237,0.0,0.0008124947514442475,0.000812481237930734
249,249,2026-01-07 00:00:00+00:00,validation,-0.00010135135135135136,0.055276391673860906,0.0,0.0008119184431252492,0.0008119049296117356
250,250,2026-01-08 00:00:00+00:00,validation,-0.00010135135135135136,0.055229564415916296,0.0,0.0008113521647725164,0.000811338651259003
251,251,2026-01-09 00:00:00+00:00,validation,-0.00010135135135135136,0.055183558824702834,0.0,0.0008107956865019238,0.0008107821729884104
252,252,2026-01-10 00:00:00+00:00,validation,-0.00010135135135135136,0.05513835601964405,0.0,0.0008102487864039885,0.000810235272890475
253,253,2026-01-11 00:00:00+00:00,validation,-0.00010135135135135136,0.05509393778066746,0.0,0.0008097112502506756,0.0008096977367371622
254,254,2026-01-12 00:00:00+00:00,validation,-0.00010135135135135136,0.05505028652386299,0.0,0.0008091828712175295,0.0008091693577040159
255,255,2026-01-13 00:00:00+00:00,validation,-0.00010135135135135136,0.055007385278405,0.0,0.0008086634496201024,0.0008086499361065889
256,256,2026-01-14 00:00:00+00:00,validation,-0.00010135135135135136,0.054965217664701256,0.0,0.0008081527926643136,0.0008081392791508001
257,257,2026-01-15 00:00:00+00:00,validation,-0.00010135135135135136,0.054923767873718075,0.0,0.0008076507142101831,0.0008076372006966695
258,258,2026-01-16 00:00:00+00:00,validation,-0.00010135135135135136,0.05488302064738927,0.0,0.0008071570345478717,0.0008071435210343582
259,259,2026-01-17 00:00:00+00:00,validation,-0.00010135135135135136,0.05484296126009202,0.0,0.0008066715801858852,0.0008066580666723716
260,260,2026-01-18 00:00:00+00:00,validation,-0.00010135135135135136,0.05480357550115021,0.0,0.0008061941836509985,0.0008061806701374851
261,261,2026-01-19 00:00:00+00:00,validation,-0.00010135135135135136,0.05476484965825289,0.0,0.0008057246832986176,0.0008057111697851039
262,262,2026-01-20 00:00:00+00:00,validation,-0.00010135135135135136,0.054726770501877756,0.0,0.0008052629231346588,0.0008052494096211453
263,263,2026-01-21 00:00:00+00:00,validation,-0.00010135135135135136,0.05468932527051517,0.0,0.0008048087526465685,0.000804795239133055
264,264,2026-01-22 00:00:00+00:00,validation,-0.00010135135135135136,0.05465250165685336,0.0,0.0008043620266454046,0.0008043485131318912
265,265,2026-01-23 00:00:00+00:00,validation,-0.00010135147553930018,0.05461621188164084,2.4175254033625276e-06,0.0008039221878151615,0.0008039086743016463
266,266,2026-01-24 00:00:00+00:00,validation,-0.0001030491324532097,0.05331233339543319,0.03259501274706347,0.0008104355701143477,0.0008104218625389812
267,267,2026-01-25 00:00:00+00:00,validation,-0.00010273972602739724,0.054724650870427646,0.005940603375599143,0.0008116999899677763,0.0008116862913376392
268,268,2026-01-26 00:00:00+00:00,validation,-0.00010273972602739724,0.054987225178375204,0.0,0.0008112755484251356,0.0008112618497949988
269,269,2026-01-27 00:00:00+00:00,validation,-0.00010273972602739724,0.0549533359930171,0.0,0.0008108580011208059,0.0008108443024906691
270,270,2026-01-28 00:00:00+00:00,validation,-0.00010273972602739724,0.054920003660269036,0.0,0.0008104472303935032,0.0008104335317633664
271,271,2026-01-29 00:00:00+00:00,validation,-0.00010433159821265457,0.05454978010578601,0.00801425307060559,0.0008046177092600758,0.0008046041041372045
272,272,2026-01-30 00:00:00+00:00,validation,-0.00010810810810810812,0.05409912293575782,0.01901277395642132,0.0007998688364968756,0.0007998553229833621
273,273,2026-01-31 00:00:00+00:00,validation,-0.00010810810810810812,0.055016545325996175,0.0,0.0007994654115606028,0.0007994518980470893
274,274,2026-02-01 00:00:00+00:00,validation,-0.00010810810810810812,0.0549838803482452,0.0,0.0007990686057229687,0.0007990550922094553
275,275,2026-02-02 00:00:00+00:00,validation,-0.00010810810810810812,0.0549517589092729,0.0,0.0007986783267518372,0.0007986648132383236
276,276,2026-02-03 00:00:00+00:00,validation,-0.00010810810810810812,0.05492017359040418,0.0,0.0007982944868167338,0.0007982809733032205
277,277,2026-02-04 00:00:00+00:00,validation,-0.00010810810810810812,0.05488911734238635,0.0,0.0007979170024564377,0.0007979034889429243
278,278,2026-02-05 00:00:00+00:00,validation,-0.00010810810810810812,0.05485858348322981,0.0,0.0007975457945558969,0.0007975322810423835
279,279,2026-02-06 00:00:00+00:00,validation,-0.00010810810810810812,0.054828565696867,0.0,0.000797180788332724,0.0007971672748192105
280,280,2026-02-07 00:00:00+00:00,validation,-0.00010810810810810812,0.05479901695436688,0.0,0.0007968213405520264,0.0007968078270385128
281,281,2026-02-08 00:00:00+00:00,validation,-0.00010810810810810812,0.05476997446006957,0.0,0.0007964679787946232,0.0007964544652811097
282,282,2026-02-09 00:00:00+00:00,validation,-0.00010810810810810812,0.0547414329404299,0.0,0.0007961206406293745,0.0007961071271158609
283,283,2026-02-10 00:00:00+00:00,test,-0.00010810810810810812,0.0547133874939668,0.0,0.0007957792680385412,0.0007957657545250277
284,284,2026-02-11 00:00:00+00:00,test,-0.00011456699636890813,0.050479423273829656,0.07797047487024396,0.0008540367191063727,0.0008540221987600091
285,285,2026-02-12 00:00:00+00:00,test,-0.00010810810810810812,0.050768518162921425,0.07797047487024397,0.0007952147793081829,0.0007952012657946694
286,286,2026-02-13 00:00:00+00:00,test,-0.00010810810810810812,0.054640399388785975,0.0,0.0007948902857775488,0.0007948767722640354
287,287,2026-02-14 00:00:00+00:00,test,-0.00010810810810810812,0.05461423830110237,0.0,0.0007945715845503811,0.0007945580710368677
288,288,2026-02-15 00:00:00+00:00,test,-0.00010810810810810812,0.0545885556603781,0.0,0.0007942586403968989,0.0007942451268833853
289,289,2026-02-16 00:00:00+00:00,test,-0.00010616732279788794,0.04411382873090294,0.21028598189054526,0.0010175493498729147,0.0010175323316138102
290,290,2026-02-17 00:00:00+00:00,test,-0.00010810810810810812,0.0440083324050619,0.21028598189054526,0.0007934614600685139,0.0007934479465550005
291,291,2026-02-18 00:00:00+00:00,test,-0.00011574035071007134,0.04707558694632221,0.14154927474375134,0.0009232424209627486,0.0009232267660005723
292,292,2026-02-19 00:00:00+00:00,test,-0.00011334453913152949,0.052202980858695354,0.04723451819890052,0.0009784237987216868,0.0009784073696652877
293,293,2026-02-20 00:00:00+00:00,test,-0.00011428571428571431,0.04717197403049891,0.1456271449423396,0.0008414201185244501,0.0008414058328101644
294,294,2026-02-21 00:00:00+00:00,test,-0.00010810810810810812,0.05171122319034748,0.0540540540540541,0.0007921429170248471,0.0007921294035113336
295,295,2026-02-22 00:00:00+00:00,test,-0.00010810810810810812,0.054391551444657384,0.0,0.0007918697594954719,0.0007918562459819584
296,296,2026-02-23 00:00:00+00:00,test,-0.00010810810810810812,0.05436964809393315,0.0,0.0007916022742219016,0.0007915887607083882
297,297,2026-02-24 00:00:00+00:00,test,-0.00010810810810810812,0.054348217074993196,0.0,0.0007913404761174735,0.00079132696260396
298,298,2026-02-25 00:00:00+00:00,test,-0.00010810810810810812,0.054327260215882946,0.0,0.0007910843871531128,0.0007910708736395994
299,299,2026-02-26 00:00:00+00:00,test,-0.00010810810810810812,0.05430677997376155,0.0,0.0007908340367731837,0.0007908205232596702
300,300,2026-02-27 00:00:00+00:00,test,-0.00010810810810810812,0.05428677947435192,0.0,0.0007905894623612635,0.00079057594884775
301,301,2026-02-28 00:00:00+00:00,test,-0.00010810810810810812,0.054267262556407514,0.0,0.0007903507097646819,0.0007903371962511683
302,302,2026-03-01 00:00:00+00:00,test,-0.00010973077078031728,0.03655990511384473,0.3341858427096164,0.0011993701415425374,0.0011993497612756447
303,303,2026-03-02 00:00:00+00:00,test,-0.00011475409836065573,0.04180567782910158,0.25596284186029583,0.0009787896275414384,0.0009787732340988155
304,304,2026-03-03 00:00:00+00:00,test,-0.0001111111111111111,0.04640387316437978,0.15690690690690678,0.0008139671127413642,0.0008139532238524751
305,305,2026-03-04 00:00:00+00:00,test,-0.00010958904109589039,0.05356335787930852,0.013883746760459087,0.0008017751255705574,0.0008017614269404206
306,306,2026-03-05 00:00:00+00:00,test,-0.00010810810810810812,0.053477800661455244,0.013513513513513403,0.0007889748243874911,0.0007889613108739775
307,307,2026-03-06 00:00:00+00:00,test,-0.00010810810810810812,0.054136935596176036,0.0,0.0007887718622911206,0.0007887583487776071
308,308,2026-03-07 00:00:00+00:00,test,-0.00010988218881004299,0.05317614989110837,0.018419939121314143,0.0007993921756253248,0.0007993784699377281
309,309,2026-03-08 00:00:00+00:00,test,-0.00010810810810810812,0.053184184494513974,0.018419939121314143,0.0007883825019921671,0.0007883689884786538
310,310,2026-03-09 00:00:00+00:00,test,-0.00010810810810810812,0.05409028823907059,0.0,0.0007881993424991363,0.0007881858289856228
311,311,2026-03-10 00:00:00+00:00,test,-0.00010810810810810812,0.054075970981367585,0.0,0.0007880231035183935,0.00078800959000488
312,312,2026-03-11 00:00:00+00:00,test,-0.00010810810810810812,0.054062246504853986,0.0,0.0007878539844150914,0.0007878404709015779
313,313,2026-03-12 00:00:00+00:00,test,-0.00011288255431158794,0.05053981030628607,0.06495361340859529,0.0008328790942901285,0.0008328647819451422
314,314,2026-03-13 00:00:00+00:00,test,-0.0001122343455414162,0.021242051797903755,0.7103341590277635,0.0023420650607379823,0.002342027664515939
315,315,2026-03-14 00:00:00+00:00,test,-0.00011318306848845566,0.02210136904626906,0.684927356872215,0.0010365708170189864,0.001036553729276123
316,316,2026-03-15 00:00:00+00:00,test,-0.00013011480766808413,0.0448534480975281,0.22777002202354021,0.0012876128220286997,0.001287591312136575
317,317,2026-03-16 00:00:00+00:00,test,-0.00015267869765198843,0.040411927265712695,0.26471420889648517,0.0016561673709092066,0.0016561391045039823
318,318,2026-03-17 00:00:00+00:00,test,-0.00010462538862260939,0.029598648160487954,0.5272247313855885,0.0009542941783930606,0.0009542782276900775
319,319,2026-03-18 00:00:00+00:00,test,-0.00010315601934967129,0.05448037969229318,0.028063949793040575,0.0009446665942697967,0.0009446508387445196
320,320,2026-03-19 00:00:00+00:00,test,-0.00013140723615216458,0.04102014696252356,0.2889632041542776,0.001291612694199537,0.0012915909158659608
321,321,2026-03-20 00:00:00+00:00,test,-0.00010328101789702338,0.04141371811872672,0.28963972584268716,0.0009467904569756513,0.0009467746672289919
322,322,2026-03-21 00:00:00+00:00,test,-0.0001032201302411645,0.05582428564618008,0.0012151301007617315,0.0009456002898062655,0.000945584518039535
323,323,2026-03-22 00:00:00+00:00,test,-0.00010316970621366154,0.05582516063927815,0.001014218383172256,0.0009446403322277452,0.0009446245747988204
324,324,2026-03-23 00:00:00+00:00,test,-0.00010223536311446978,0.054855450171267306,0.018180832072212893,0.000931012581228185,0.0009309970258773712
325,325,2026-03-24 00:00:00+00:00,test,-0.00010157045680257709,0.05502811042457923,0.012954383247102793,0.0009256984165921898,0.0009256829025683567
326,326,2026-03-25 00:00:00+00:00,test,-0.00010156250000000001,0.05532889184049829,0.00734621956380101,0.0009322990510091365,0.0009322834260091365
327,327,2026-03-26 00:00:00+00:00,test,-0.00010151551985237562,0.05550365863237157,0.0036000410351940877,0.0009289680118741965,0.0009289524419969897
328,328,2026-03-27 00:00:00+00:00,test,-0.00010164110844172477,0.05554003688097501,0.002712938570465568,0.0009267727770951861,0.0009267572434601375
329,329,2026-03-28 00:00:00+00:00,test,-0.00010780428342140025,0.05167852832981335,0.06025102631533945,0.0008894970538165967,0.0008894819334378779
330,330,2026-03-29 00:00:00+00:00,test,-0.00010707044761187953,0.0452502083805805,0.17964728459019874,0.001050352664186456,0.0010503345490110519
331,331,2026-03-30 00:00:00+00:00,test,-0.00016755518829696627,0.018603013700538296,0.6597307916855993,0.0031981107874013643,0.0031980552835684474
332,332,2026-03-31 00:00:00+00:00,test,-0.00015305865200463097,0.030957798471702255,0.5026618688861719,0.0024454956806292246,0.0024454557711179052
333,333,2026-04-01 00:00:00+00:00,test,-0.00016721476401187048,0.04324695043982134,0.18686652152138916,0.0028917549537160296,0.002891706125146385
334,334,2026-04-02 00:00:00+00:00,test,-0.000172628794816763,0.03255806031256238,0.4444367763466892,0.002005741063385183,0.0020057080740675287
335,335,2026-04-03 00:00:00+00:00,test,-0.00011195653666656207,0.022324325397956327,0.2765032534997235,0.0026163818693094717,0.002616339096871647
336,336,2026-04-04 00:00:00+00:00,test,-0.0001499057767751089,0.03346333768805872,0.1656135075117897,0.0037576396223194973,0.003757578655364754
337,337,2026-04-05 00:00:00+00:00,test,-5.4919959752486564e-05,0.0156973930655835,0.5113301342827117,0.002750973926426914,0.0027509288849634807
338,338,2026-04-06 00:00:00+00:00,test,-0.00015159661699874443,0.04022861202473703,0.12362105822976359,0.0043716711823784315,0.004371598713143987
339,339,2026-04-07 00:00:00+00:00,test,-0.000160546667505626,0.027567728149669714,0.4671416398004803,0.0030024395463340453,0.003002387667480751
340,340,2026-04-08 00:00:00+00:00,test,-0.00013208531625287092,0.02300899406488082,0.10975878518130688,0.0021191097655761763,0.0021190753720724924
341,341,2026-04-09 00:00:00+00:00,test,-0.0001108465409752306,-0.0189356174091235,1.5086643445881696,0.0009491127109059479,0.0009490970079114702
342,342,2026-04-10 00:00:00+00:00,test,-0.00010764881563007423,0.008705188071656827,0.22809973576089593,0.0011727748474955777,0.0011727571029874297
343,343,2026-04-11 00:00:00+00:00,test,-0.00016616392718986746,0.017612934112857595,0.1985575038460064,0.0020433068758055005,0.0020432705432096
344,344,2026-04-12 00:00:00+00:00,test,-6.625712545301627e-05,0.011392971296997283,0.6597104073267517,0.003485628105599083,0.0034855692198086643
345,345,2026-04-13 00:00:00+00:00,test,-0.00017814443482352385,0.029883291726679577,0.21269624284036767,0.0032814010888916416,0.003281343348863766
346,346,2026-04-14 00:00:00+00:00,test,-2.0404278545579976e-05,0.0094203006043381,0.0045196874441122345,0.0008882107756856528,0.0008881963103473209
347,347,2026-04-15 00:00:00+00:00,test,-0.00018975508852682563,0.03629738546730481,0.24116452059794102,0.004309706155544565,0.004309631084810977
348,348,2026-04-16 00:00:00+00:00,test,-0.00020000000000000004,0.03265551288873446,0.103608141642921,0.0036450074300889922,0.0036449434300889916
349,349,2026-04-17 00:00:00+00:00,test,-0.00012000000000000002,0.025868984546361412,0.004097964589269754,0.0024887553611315297,0.0024887105611315296
350,350,2026-04-18 00:00:00+00:00,test,-4.3455338423918944e-05,0.024773932508298763,0.4584226807679094,0.0029678567636019027,0.0029678036661210205
351,351,2026-04-19 00:00:00+00:00,test,-0.00022084187132215147,0.03157780950416357,0.38781888802755693,0.004142590943553029,0.004142520461494168
352,352,2026-04-20 00:00:00+00:00,test,-0.00022470507392142623,0.037831299567993866,0.06609796417175397,0.0037317967568641303,0.003731730714377811
